model_name,direction,scope,policy,utility_mean,utility_std,utility_min,utility_max,intervention_rate_mean,intervention_rate_std,intervention_rate_min,intervention_rate_max
Qwen/Qwen2.5-7B-Instruct,format_to_math,math:overall,FORMAT_TUNED_SIMPLE_RULE,0.7677270501086658,0.020196257222677375,0.7458791208791209,0.7857142857142857,0.715254820233929,0.019343459772681933,0.6949860724233984,0.7335164835164835
Qwen/Qwen2.5-7B-Instruct,math_to_format,format:overall,MATH_TUNED_SIMPLE_RULE,0.614771098989753,0.005157373827223341,0.6088709677419355,0.618421052631579,0.5202391560002729,0.01589226699384988,0.5043859649122807,0.5361702127659574
Qwen/Qwen2.5-7B-Instruct,pooled_to_format,format:overall,POOLED_RULE_BEST,0.6380322660919057,0.0340411179964326,0.6088709677419355,0.6754385964912281,0.5202391560002729,0.01589226699384988,0.5043859649122807,0.5361702127659574
Qwen/Qwen2.5-7B-Instruct,pooled_to_math,math:overall,POOLED_RULE_BEST,0.7681913026620547,0.02034483737272952,0.7458791208791209,0.7857142857142857,0.715254820233929,0.019343459772681933,0.6949860724233984,0.7335164835164835
